Disease_cn,Level2_dep,Descript,Disease_ab,Alias,Treatment,Head_dep,Id,Symptom
痛风,风湿科,　　痛风(gout)是一种由于嘌呤生物合成代谢增加，尿酸产生过多或因尿酸排泄不良而致血中尿酸升高，尿酸盐结晶沉积在关节滑膜、滑囊、软骨及其他组织中引起的反复发作性炎性疾病。首次发作多侵犯单关节，常见第一跖趾关节受累。表现为关节红肿灼热、触痛、功能受限。典型发作表现为：疼痛发作在24小时内达到高峰；14天内缓解；急性关节炎缓解后一般无明显后遗症状。本病以关节液和痛风石中可找到有双折光性的单水尿酸钠结晶为其特点。其临床特征为：高尿酸血症及尿酸盐结晶、沉积所致的特征性急性关节炎、痛风石、间质性肾炎，严重者见关节畸形及功能障碍，常伴尿酸性尿路结石。多见于体形肥胖的中老年男性和绝经期后妇女。随着经济发展和生活方式改变，其患病率逐渐上升。,tf," 关节石病,尿酸盐贮积病,足痛风,历节风",http://jbk.39.net/tf/yyzl,内科,http://jbk.39.net/tf/jbzs,"第1跖趾关节疼痛和肿大,关节疼痛,关节肿胀,关节畸形,尿酸盐在关节内沉积增多"
干燥综合征,风湿科,　　干燥综合征(Sjouml;gren syndrome，SS)是一种侵犯外分泌腺体尤以侵犯唾液腺和泪腺为主的慢性自身免疫性疾病。主要表现为口、眼干燥，也可有多器官、多系统损害。受累器官中有大量淋巴细胞浸润，血清中多种自身抗体阳性。本综合征也称为自身免疫性外分泌腺病(autoimmune exocrine gland disease)、斯约格伦综合征、口眼干燥关节炎综合征。常与其他风湿病或自身免疫性疾病重叠。,gzzhz," 舍格伦综合征,斯约格伦综合征,自身免疫性外分泌腺病,古-豪二氏综合征",http://jbk.39.net/gzzhz/yyzl,内科,http://jbk.39.net/gzzhz/jbzs,"干性皮肤,反复感染,面部脱皮,关节疼痛,无力,皮肤干燥"
盘状红斑狼疮,风湿科,　　盘状红斑狼疮(DLE)为慢性复发性疾病，主要侵犯皮肤，其特征是有界限清楚的红色斑块(红斑)，毛囊栓塞，鳞屑，毛细血管扩张以及皮肤萎缩等。病因不清。女性多见，30岁左右发病率最高。本病可分两型：①局限型皮肤损害仅限于颈部以上的皮肤;②播散型皮损累及全身广泛部位的皮肤。有些作者认为播散型容易转变为系统性红斑狼疮。,pzhblc,"
                                        ",http://jbk.39.net/pzhblc/yyzl,内科,http://jbk.39.net/pzhblc/jbzs,"面部蝶形红斑,盘状红斑,溃疡"
真菌过敏症,风湿科,　　真菌的孢子和菌丝经各种途径进入人体后，都有可能引起过敏反应。具特异体质(特异反应性)的患者(如哮喘、过敏性鼻炎、遗传过敏性皮炎等患者)，更易发生真菌过敏症。由于职业等原因，长期接触或经常暴露于含有大量特殊过敏原环境的正常人中，亦可能发生变态反应。,zjgmz,"
                        ",http://jbk.39.net/zjgmz/yyzl,内科,http://jbk.39.net/zjgmz/jbzs,"疱疹,瘙痒"
血清病,风湿科,　　血清病(serum sickness)是指由于注射运动免疫血清后所并的发一种免疫复合物性疾病，其表现主要有皮疹、发热、关节痛、淋巴结肿大等。目前免疫血清的临床应用已减少，仅限于防治白喉、破伤风、某些毒蛇咬伤后，以及阻止移植物排斥等的免疫抑制治疗。相反的，由于药物致敏已成为当今最常见的血清病病因。,xqb,"
                        ",http://jbk.39.net/xqb/yyzl,内科,http://jbk.39.net/xqb/jbzs,"皮肤瘙痒,风团,发烧,恶心,淋巴结肿大"
结缔组织病,风湿科,　　结缔组织病，以疏松结缔组织粘液样水肿及纤维蛋白样变性为病理基础的一组疾病。最早认为主要是胶原纤维发生纤维蛋白样变性所致，故称为弥漫性胶原病或胶原血管病，以后认为主要病变不仅限于胶原纤维，而改称为结缔组织病。病因不十分清楚，一般认为与遗传、免疫及病毒感染等有一定关系，是多因性疾病。随着免疫学的进展，发现多数结缔组织病均伴有免疫学的异常，如抑制性T细胞功能低下、体液免疫功能亢进，有些结缔组织病有自身抗体存在，故也将这组病归入免疫性疾病或自身免疫性疾病。,jdzzb,"
                        ",http://jbk.39.net/jdzzb/yyzl,内科,http://jbk.39.net/jdzzb/jbzs,
类风湿性关节炎肾损害,风湿科,　　类风湿性关节炎肾损害是由类风湿性关节炎引起的急、慢性间质性肾炎、肾淀粉样变、肾脏坏死性血管炎及免疫复合物性肾炎，并伴有相应临床表现的一组疾病。,lfsxgjyssh,"
                                        ",http://jbk.39.net/lfsxgjyssh/yyzl,内科,http://jbk.39.net/lfsxgjyssh/jbzs,"关节僵直,蛋白尿,结节,肢端硬化,夜尿增多"
硬肿症,风湿科,　　硬肿症为一种不明原因的通常呈良性经过的少见病。也是一种全身性风湿病：其特征为突然出现全身性对称性皮肤严重水肿硬结。皮损特点与系统性硬皮病水肿期出现的改变相似。本病通常在6～12个月内可自行缓解，但偶可持续数十年。Curzio(1775)首先报道本病。Pifford(1876)较详细地论述了其临床病理特征。Bushkle(1902)将其肯定为一种特殊的独立疾病。,yzz, 皮硬化病,http://jbk.39.net/yzz/yyzl,内科,http://jbk.39.net/yzz/jbzs,
多发性肌炎和皮肌炎伴发的精神障碍,风湿科,　　多发性肌炎是一种原因不明的结缔组织病，如本病同时伴有皮炎时称为皮肌炎。其伴发的精神障碍主要是指在有丰富的疏松结缔组织的骨骼肌或皮肤和骨骼肌一起损害时，炎症性改变涉及各脏器和神经系统，而产生精神障碍和神经症状其炎症性改变涉及各器官和神经系统，可导致神经精神症状。,dfxjyhpjybfdjsza,"
                                        ",http://jbk.39.net/dfxjyhpjybfdjsza/yyzl,内科,http://jbk.39.net/dfxjyhpjybfdjsza/jbzs,
巨细胞动脉炎和风湿性多肌痛,风湿科,　　巨细胞动脉炎(giant cell arteritis，GCA)，是一种以侵犯颅动脉为主的系统性血管炎综合征。在19世纪，Jonathon Hutchinson首次描述了一位因颞动脉触痛而致戴帽困难的男性患者，此后逐渐明确了GCA的临床特点，它是一种慢性肉芽肿性血管炎。早年发现的巨细胞动脉炎病例几乎都是颞动脉受累，伴有颞部头痛、头皮及颞动脉触痛，因此又称为颞动脉炎(temporal arteritis，TA)、肉芽肿性血管炎或颅动脉炎。现在知道TA主要累及从主动脉弓发出的动脉分支，也可累及其他中等大小的动脉。血管炎症部位可形成肉芽肿，含有数量不等的巨细胞，故现在多称为巨细胞动脉炎。巨细胞是指任何巨大的细胞，可有一个或多个核，如多核巨细胞(multinuclear giant cell，MGC)。它包括病理相似而临床表现不同的两个疾病，即颞动脉炎(temporal arteritis，TA)和多发性大动脉炎(Takayasus disease)。GCA以颞部头痛、间歇性下颌运动障碍以及失明为临床特点，其发病年龄均在50岁以上。,jxbdmyhfsxdjt,"
                        ",http://jbk.39.net/jxbdmyhfsxdjt/yyzl,内科,http://jbk.39.net/jxbdmyhfsxdjt/jbzs,"低烧,乏力,盗汗,体重减轻"
显微镜下多血管炎,风湿科,　　显微镜下多血管炎(microscopic polyangiitis，MPA)是一种主要累及小血管的系统性坏死性血管炎，可侵犯肾脏、皮肤和肺等脏器的小动脉、微动脉、毛细血管和小静脉。常表现为坏死性肾小球肾炎和肺毛细血管炎。1948年，Davson等首次提出在结节性多动脉炎中存在一种以节段性坏死性肾小球肾炎为特征的亚型，称之为显微镜下多动脉炎(microscopic polyarteritis)，因为其主要累及包括静脉在内的小血管，故现多称为显微镜下多血管炎。1990年的美国风湿病学会血管炎的分类标准并未将MPA单独列出，因此既往显微镜下多血管炎大多归属于结节性多动脉炎(polyarteritis nodosa，PAN)，极少数归属于韦格纳肉芽肿(Wegeners granulomatosis，WG)。目前普遍认为显微镜下多血管炎为一独立的系统性坏死性血管炎，很少或无免疫复合物沉积，常见坏死性肾小球肾炎以及肺的毛细血管炎。1993年Chapel Hill会议将显微镜下多血管炎定义为一种主要累及小血管(如毛细血管、小静脉或小动脉)无免疫复合物沉积的坏死性血管炎。PAN和MPA的区别在于，前者缺乏小血管的血管炎，包括小动脉、毛细血管和小静脉。鉴于MPA、WG和CSS(Churg-Strauss syndrome)3种血管炎具有ANCA阳性、缺乏免疫复合物沉积的相似特点，常共称为ANCA相关的血管炎。,xwjxdxgy, 显微镜下多动脉炎,http://jbk.39.net/xwjxdxgy/yyzl,内科,http://jbk.39.net/xwjxdxgy/jbzs,"发烧,厌食,乏力,关节痛,体重减轻"
狼疮样综合征,风湿科,　　该综合征是长期用某些药物治疗非风湿病性原发病而引起的类似红斑狼疮表现的综合征，属于医源性疾病。临床上以发热、关节症状、心脏损害及皮损等系统性红斑狼疮表现为特征，而又与系统性红斑狼疮有所不同，即停用致病药物后，多数病人的自觉症状及客观体征能很快缓解。,lcyzhz, 狼疮样综合症,http://jbk.39.net/lcyzhz/yyzl,内科,http://jbk.39.net/lcyzhz/jbzs,
费尔蒂综合征,风湿科,　　费尔蒂(Felty)综合征首先由Felty(1924)报道，其特点为类风湿关节炎合并脾肿大和白细胞减少，与普通型类风湿关节炎不同。Hanrakar等(1932)把具有类风湿关节炎、脾肿大和白细胞减少三个主症的疾病称为费尔蒂综合征。至今已报道许多病例，多数认为本综合征是类风湿关节炎的亚型。近年已明确本综合征具有特征性免疫异常，逐渐成为一个独立疾病。,fedzhz, 关节炎-粒细胞减少-脾大综合征,http://jbk.39.net/fedzhz/yyzl,内科,http://jbk.39.net/fedzhz/jbzs,"关节痛,体重减轻,斑疹,肩关节痛"
组织细胞吞噬性脂膜炎,风湿科,　　1980年Winklemann等首先提出组织细胞吞噬性脂膜炎(histiocytic phagocytic panniculitis)的病名，并报道5例。是一良性的组织细胞增生性疾病，其特征是全身触痛性多发性皮下结节、高热、肝脾肿大、全血细胞减少、出血、血凝异常，组织病理主要特征是组织细胞吞噬血液成分形成ldquo;豆袋rdquo;细胞。本病是由具有吞噬活性的组织细胞浸润皮下脂肪组织引起的脂膜炎，常有多器官受累，出现皮下结节、发热、全血细胞减少、出血、肝肾功能衰竭等。,zzxbtsxzmy,"
                        ",http://jbk.39.net/zzxbtsxzmy/yyzl,内科,http://jbk.39.net/zzxbtsxzmy/jbzs,
痛性青紫综合征,风湿科,　　痛性青紫综合征(painful bruising syndrome)又称自身红细胞敏感症(autoerythrocyte sensitization)。1955年，Gardener和Diamond首先报道此病，因而本病又称Gardener-Diamond综合征。属少见病。,txqzzhz," 疼痛性青肿综合征,痛性青紫综合症,痛性瘀斑综合征,自身红细胞敏感症",http://jbk.39.net/txqzzhz/yyzl,内科,http://jbk.39.net/txqzzhz/jbzs,"恶心,剧痛,失眠"
幼年型慢性关节炎及其伴发的葡萄膜炎,风湿科,　　幼年型慢性关节炎(juvenile chronic arthritis，JCA)是一种发生于16岁以下的常见的特发性关节炎，通常累及膝、踝、腕等关节。它最早叫做Still病。在美国文献中通常将其称为幼年型类风湿性关节炎(juvenile rheumatoid arthritis，JRA)，但此种关节炎患者中约90%为类风湿因子阴性，因此将其称为“类风湿性关节炎”显然是不妥的。欧洲抗风湿联盟将其称为“幼年型慢性关节炎”，该名称基本上可以反映出该疾病的特征。此种疾病引起或伴发的葡萄膜炎，是少年儿童的一种常见而又重要的致盲性眼病。,ynxmxgjyjqbfdptmy, 幼年型慢性关节炎及其伴发的色素膜炎,http://jbk.39.net/ynxmxgjyjqbfdptmy/yyzl,内科,http://jbk.39.net/ynxmxgjyjqbfdptmy/jbzs,"老年人非病变性眼前飞蚊,泪溢,关节响痛,非对称性关节痛,淋巴结肿大,结节,红眼,发烧,炎性损害,视力障碍,眼前黑影,关节液渗出"
卡普兰综合征,风湿科,　　卡普兰(Caplan)综合征，又有类风湿尘肺综合征、类风湿关节炎-尘肺综合征、硅沉着病关节炎等之称。　　1953年，英国的Caplan发现尘肺煤矿工人合并有类风湿关节炎者可有特异性肺阴影，后人将该病称为卡普兰综合征。以后又相继证实吸入游离硅酸、硅酸盐、铁、铝等其他无机粉尘也可产生本综合征。目前将硅沉着病合并类风湿关节炎，肺部又出现特征性阴影者，均称为卡普兰综合征。,kplzhz," 硅沉着病关节炎,卡普兰氏综合征,卡普兰综合症,类风湿尘肺综合征,类风湿关节炎-尘肺综合征",http://jbk.39.net/kplzhz/yyzl,内科,http://jbk.39.net/kplzhz/jbzs,"咳嗽,咳痰,胸痛"
回归热型结节性非化脓性脂膜炎,风湿科,　　本病也称Weber-Christian综合征，呈一种特发性的主要累及躯干和大腿皮下脂肪组织的脂膜炎。主要临床表现为反复发作的皮下结节或为片状斑块，同时伴有发热，部分病例可累及内脏。具有多系统损害的回归热型结节性非化脓性脂膜炎，称为系统型脂膜炎;仅有皮损而无内脏损害者，称普通型脂膜炎。,hgrxjjxfhnxzmy,"
                        ",http://jbk.39.net/hgrxjjxfhnxzmy/yyzl,内科,http://jbk.39.net/hgrxjjxfhnxzmy/jbzs,
巨细胞动脉炎性巩膜炎,风湿科,　　巨细胞动脉炎(GCA)又称为颞动脉炎、颅动脉炎或肉芽肿动脉炎，是一种不明原因的全身性血管炎。主要累及脉管系的颈动脉和中度大小的颅外动脉(颞浅动脉、脊柱动脉和眼动脉等)。在某些患者，主动脉及其分支也可受累。GCA及其并发症可导致失明、卒中甚至死亡。GCA的某些临床特征、实验室检查和组织病理学检查有助于和其他的血管性疾病相鉴别。发作时出现颞侧偏头痛或触痛、颞动脉搏动减弱、短暂的或不可逆转的失明、风湿性多肌痛，伴有血沉(ESR)增快和动脉壁内弹性层出现单核或多核巨细胞。,jxbdmyxgmy, 巨细胞性动脉炎性巩膜炎,http://jbk.39.net/jxbdmyxgmy/yyzl,内科,http://jbk.39.net/jxbdmyxgmy/jbzs,"视力障碍,偏瘫,复视,黑蒙,头痛"
小儿结节性多动脉炎,风湿科,　　结节性多动脉炎(polyarteritis nodosa，PAN)是中小动脉坏死性血管炎，沿血管管壁有结节形成，特别是在肠系膜的血管床，邻近静脉也受累。,xejjxddmy," 小儿结节性动脉外膜炎,小儿结节性动脉周围炎,小儿库斯毛耳氏病",http://jbk.39.net/xejjxddmy/yyzl,内科,http://jbk.39.net/xejjxddmy/jbzs,"肚子疼,结节,关节疼痛,乏力"
结节性液化性脂膜炎,风湿科,　　本病也称胰腺性皮下结节性脂肪坏死症。其临床特征为反复成批出现发红的疼痛性皮下结节，直径0.5～5cm。皮损最早发生于小腿，以后可波及全身皮肤。某些结节在软化期后可含有无菌性黏稠物质，皮损出现时可伴有阵发性腹痛、多关节炎(或关节痛)、发热及嗜酸粒细胞增多症。皮损自发性内陷而无表皮萎缩。Hansemann(1889)首先发现结节性皮下脂肪坏死与胰腺疾病有关。Blauvelt(1946)注意到急性胰腺炎可出现小腿结节性皮损。,jjxyhxzmy, 胰腺性皮下结节性脂肪坏死症,http://jbk.39.net/jjxyhxzmy/yyzl,内科,http://jbk.39.net/jjxyhxzmy/jbzs,
原发性混合型冷球蛋白血症性血管炎,风湿科,　　原发性混合型冷球蛋白血症(essential mixed cryoglobulinemia，EMC)也称紫癜-关节痛-冷球蛋白血症综合征。临床以紫癜皮损、关节痛、贫血、肾损害和高gamma;球蛋白血症为特征。Meltzer(1966)在Wintrobe(1933)和Iener(1947)的基础上最早对此病做了系统性描述，在此同时也发现骨髓瘤等恶性肿瘤也可伴有冷球蛋白血症，并出现与本病相同的临床特征。此外，如亚急性细菌性心内膜炎、麻风、溶血性贫血、急性肾小球肾炎、系统性红斑狼疮、类风湿关节炎及舍格伦综合征等疾病也可伴有冷球蛋白血症，并对由这些疾病伴随的冷球蛋白血症称之为继发性冷球蛋白血症。,yfxhhxlqdbxzxxgy," 特发性混合型冷沉淀球蛋白血症,特发性混合性冷球蛋白血症,紫癜-关节痛-冷球蛋白血症综合征",http://jbk.39.net/yfxhhxlqdbxzxxgy/yyzl,内科,http://jbk.39.net/yfxhhxlqdbxzxxgy/jbzs,"丘疹,疼痛,关节痛"
免疫缺陷病,风湿科,  由于免疫器官、组织或细胞发育缺陷，或免疫功能失常或缺陷，引起的病理过程。有二种类型：①原发性免疫缺陷病，又称先天性免疫缺陷病，与遗传有关，多发生在婴幼儿。②继发性免疫缺陷病，又称获得性免疫缺陷病，可发生在任何年龄，多因严重感染，尤其是直接侵犯免疫系统的感染、恶性肿瘤、应用免疫抑制剂、放射治疗和化疗等原因引起。,myqxb,"
                                        ",http://jbk.39.net/myqxb/yyzl,内科,http://jbk.39.net/myqxb/jbzs,"反复感染,出血倾向,共济失调,毛细血管扩张,体型异常,真菌感染,细菌感染,反复肺炎,念珠菌感染,生长缓慢,粒细胞减少,毛发脱落"
复发性皮肤坏死性嗜酸粒细胞血管炎,风湿科,　　复发性皮肤坏死性嗜酸粒细胞血管炎(recurrent cutaneous necrotizing eosinophilic vasuclitis)是以全身性红色丘疹、出血性丘疹、血管性水肿、风团性斑块、黏膜炎、牙龈炎、全秃等。偶有环状红斑、水肿性损害及水疱的皮肤血管炎。,ffxpfhsxsslxbxgy,"
                                        ",http://jbk.39.net/ffxpfhsxsslxbxgy/yyzl,内科,http://jbk.39.net/ffxpfhsxsslxbxgy/jbzs,
选择性IgA缺乏症,风湿科,　　选择性IgA缺乏症是指血清IgA低于0.05g/L，而IgG和IgM含量正常;它是免疫缺陷中最常见的类型。在群体中扫病率约为1/700。本症多为散发，部分家族性，且累及数代人。对我国不同地区6个民族的流行病学调查，显示本病有民族和地区差异。Alpha;重链编码结构基因异常可能不是主要病因;在B细胞分化早期IgA 生成B细胞成熟停滞或IgA特异性抑制T细胞被活化，致使B细胞成熟受阻可能是致病原因。,xzxigaqfz,"
                        ",http://jbk.39.net/xzxigaqfz/yyzl,内科,http://jbk.39.net/xzxigaqfz/jbzs,"胃肠道症状,恶性贫血"
结节性多动脉炎性巩膜炎,风湿科,　　结节性多动脉炎(PAN)最早在1866年由Kussmaul和Maier报道，是以累及多系统中小血管为特征的一种坏死性血管炎。病损呈节段性，好发于血管分叉处，可侵及毗邻的静脉，偶可累及血管远端的动脉或微静脉。PAN可侵及任何器官，但以皮肤、关节、末梢神经、胃肠道、肾最易发病。如不治疗，预后极差。在不治疗的患者中，5年生存率仅有12%，而全身应用糖皮质激素和免疫抑制剂治疗的患者中，5年生存率为80%。,jjxddmyxgmy," 结节性动脉外膜炎性巩膜炎,结节性多发性动脉炎性巩膜炎",http://jbk.39.net/jjxddmyxgmy/yyzl,内科,http://jbk.39.net/jjxddmyxgmy/jbzs,"结节,视网膜水肿,黑蒙,角膜溃疡,乏力,偏瘫,视网膜出血,尿蛋白,恶心与呕吐,内脏出血"
微病毒B19感染性风湿病,风湿科,　　微病毒B19(parvovirus B19)是一种晚近被人们逐渐认识的新病毒。最早由Yvonne Cossart等于1975年在标记B19号HBsAg对照的血清中首次鉴定出一种微病毒颗粒，发现其为一种与HBsAg不同的抗原。后经电镜检查，含有这种抗原认得血清中有一种球形颗粒和典型的病毒酶空壳。这种新病毒最初在健康供血者血清中发现，其抗原在氯化铯梯度电泳时悬浮密度为1.36～1.40，系典型的微病毒酶。1985年他们研究了该病毒的致病作用。目前已确认微病毒B19可引起风湿病。,wbdb19grxfsb, 细小病毒B19感染性风湿病,http://jbk.39.net/wbdb19grxfsb/yyzl,内科,http://jbk.39.net/wbdb19grxfsb/jbzs,"发烧,疼痛,头痛,怕冷,皮疹"
硬皮症伴发的精神障碍,风湿科,　　硬皮症属于自身免疫性疾病范畴，少数病人的家族中同时发生有红斑狼疮、皮肌炎、类风湿性关节炎等有关疾病。本病分为弥漫性和局限性两型，主要累及皮肤、皮下组织、肌肉、骨骼和神经系统，包括中枢和周围神经以及交感神经的广泛损害。病者以内向性格的女性多见。硬皮病所致的精神障碍是皮肤和皮下组织、肌肉、骨骼、内脏和神经系统等组织的病变引起的精神障碍和神经症状。,ypzbfdjsza,"
                                        ",http://jbk.39.net/ypzbfdjsza/yyzl,内科,http://jbk.39.net/ypzbfdjsza/jbzs,
尿黑酸尿与褐黄病,风湿科,　　尿黑酸尿与褐黄病(alkaptonuria et ochronosis)属于常染色体隐性遗传病。尿黑酸长期聚积在体内各器官中，可引起褐黄病。黑尿、皮肤棕黄色色素沉着及关节炎是本病独特的三联症。,nhsnyhhb,"
                        ",http://jbk.39.net/nhsnyhhb/yyzl,内科,http://jbk.39.net/nhsnyhhb/jbzs,"尿黑酸,钙化"
游走性结节性脂膜炎,风湿科,　　游走性节结性脂膜炎是一种特殊的临床综合征，其特征为双侧或单侧小腿前面出现1个或数个发红的皮肤结节，并向周围迅速扩大，形成硬的斑块，数月后可自行消退。Bafrested (1954)采用游走性结节性红斑这个术语以与典型结节性红斑区别开来，Pinol (1956)详细描述了本病的组织病理特征，并证明碘剂对本病有较好的疗效。,yzxjjxzmy,"
                        ",http://jbk.39.net/yzxjjxzmy/yyzl,内科,http://jbk.39.net/yzxjjxzmy/jbzs,
系统性红斑狼疮所致脊髓病,风湿科,　　系统性红斑狼疮(systemic lupus erythematosus，SLE) 所致脊髓病，是SLE在脊髓的病变表现。SLE是由多因素(遗传、性激素、环境、感染、药物、免疫反应各环节)参与的特异性自身免疫病，可累及多个系统，所以出现多脏器损害的症状。病初多有不规则的发热，以皮肤损害最多见，面颊及鼻梁部有蝶形红斑，颈部或躯干也可以发生皮疹;此外，常合并有关节疼痛及淋巴结肿大。　　SLE对中枢神经系统的损伤，是死亡的主要原因，据统计在20%～60%，有的报道可高达75%(Johnson，1968)。以抽搐反复发作最为常见，其次为脑神经障碍、精神障碍、脑血管意外、颅内压增高和脑膜炎、不自主运动、周围神经损害如出现雷诺现象。,xtxhblcszjsb1, 全身性红斑狼疮所致脊髓病,http://jbk.39.net/xtxhblcszjsb1/yyzl,内科,http://jbk.39.net/xtxhblcszjsb1/jbzs,"面部蝶形红斑,血小板减少,光过敏,脊髓病变"
多发性硬化伴发的葡萄膜炎,风湿科,　　多发性硬化(multiple sclerosis)是一种中枢神经系统的慢性炎症性脱髓鞘疾病，其特征为反复发作的功能障碍和多区域受累，多发性硬化伴发的葡萄膜炎为此病引起的眼部异常。多发性硬化(multiple sclerosis)是一种中枢神经系统的慢性炎症性脱髓鞘疾病，其特征为反复发作的功能障碍和多区域受累。在临床上分为良性型、复发-缓解型和慢性进展型3种类型。此病可引起视神经炎、葡萄膜炎、眼外肌病变等眼部异常。多发性硬化所致的葡萄膜炎是一种少见的类型。,dfxyhbfdptmy, 多发性硬化伴发的色素膜炎,http://jbk.39.net/dfxyhbfdptmy/yyzl,内科,http://jbk.39.net/dfxyhbfdptmy/jbzs,"痉挛性截瘫期,眼痛,眼前黑影,视力障碍,逼尿肌无反射,下肢神经性疼痛,老年人非病变性眼前飞蚊,色觉异常"
赖特综合征性巩膜炎,风湿科,　　赖特综合征(Reiters syndrome，RS)是一种在遗传易感人群中患肠炎或泌尿生殖器炎症后的“反应性关节炎”(reactive arthritis)。,ltzhzxgmy,"
                        ",http://jbk.39.net/ltzhzxgmy/yyzl,内科,http://jbk.39.net/ltzhzxgmy/jbzs,"感染性发热,眼屎多,尿道烧灼感,腋下淋巴肿大,红眼,乏力"
科干综合征,风湿科,　　科干(Cogan)综合征也称间质角膜炎-眩晕-神经性耳聋综合征。最早由Mogan和Baum Gartner(1934)报道，后由Cogan(1945)确定为一种独立的全身性疾病。其主要特征为：①非梅毒性间质性角膜炎;②眩晕等前庭神经症状;③严重双侧性神经性耳聋;④系统性血管炎表现，如充血性心力衰竭、胃肠道出血等。,kgzhz," 间质角膜炎-眩晕-神经性耳聋综合征,科干综合症,寇甘氏综合征,寇甘综合征",http://jbk.39.net/kgzhz/yyzl,内科,http://jbk.39.net/kgzhz/jbzs,
过敏性血管炎和肉芽肿病,风湿科,　　过敏性血管炎和肉芽肿病即变应性肉芽肿(allergic granulomatosis，AG)也称过敏性肉芽肿或过敏性肉芽肿性血管炎。是一种以肺内及系统性小血管炎症、血管外肉芽肿及高嗜酸粒细胞血症为特点的一种自身免疫性肉芽肿性血管炎。是以哮喘、嗜酸性粒细胞增多和血管外肉芽肿形成为特征的血管炎性疾病。病变主要累及中小动脉。最早在1951年Churg和Strauss将这一组疾病命名为过敏性血管炎和肉芽肿病(allergic angiitis and granulomatosis)。他们认为过敏因素在该病的发生过程中起重要作用。首次将此病从PAN中鉴别开来，并提出本病可看作是PAN与韦格内肉芽肿的中间型，或为吕弗硫综合征与韦格内肉芽肿的中间型。,gmxxgyhryzb," 变态反应性肉芽肿病,变应性肉芽肿,变应性肉芽肿病,过敏性肉芽肿,过敏性肉芽肿性血管炎,过敏性肉芽肿症",http://jbk.39.net/gmxxgyhryzb/yyzl,内科,http://jbk.39.net/gmxxgyhryzb/jbzs,"发烧,消瘦,食欲不振"
系统性红斑狼疮伴发的精神障碍,风湿科,　　系统性红斑狼疮是一种累及多系统、多器官，具有多种自身抗体的自体免疫性疾病，是结缔组织疾病中最为常见的疾病。临床以颜面、皮肤红斑，同时累及多个脏器结缔组织病变为特征。青年女性多见。男女比例为1∶7～1∶9。发病年龄大多为15～35岁，也可见于老人和儿童。系统性红斑狼疮(SLE)伴发的精神障碍可能是由于自身抗体经免疫介导参与脑血管损伤，进而影响脑功能的原因，使之产生了神经精神症状。,xtxhblcbfdjsza, 全身性红斑狼疮伴发的精神障碍,http://jbk.39.net/xtxhblcbfdjsza/yyzl,内科,http://jbk.39.net/xtxhblcbfdjsza/jbzs,
节段性透明性血管炎,风湿科,　　节段性透明性血管炎(segmental hyalinizing vasculitis)是在两下肢细小血管病变基础上发生多形性皮肤损害，愈后遗留萎缩性瘢痕的血管炎疾病。,jdxtmxxgy," 节段性透明变性性脉管炎,白色萎缩,白色萎缩症,青斑样血管炎",http://jbk.39.net/jdxtmxxgy/yyzl,内科,http://jbk.39.net/jdxtmxxgy/jbzs,
迟发性低丙球血症,风湿科,　　迟发性低丙球血症疾病是包括一组丙种球蛋白失衡的病症。其特点是患者血中某些Ig含量极低或缺乏，而另一种Ig可能增高;或Ig含量正常而功能不正常等多种病症。患者的Ig缺陷内容亦可随时间的推移而改变。其共同免疫缺陷是B细胞不能合成某些Ig，或只能合成功能不正常的Ig。患者外周血中B细胞数量减少或正常，但B细胞的成熟、分化有内脏在缺陷或T细胞免疫调节失常。,cfxdbqxz,"
                        ",http://jbk.39.net/cfxdbqxz/yyzl,内科,http://jbk.39.net/cfxdbqxz/jbzs,"粒细胞减少,恶性贫血"
肺嗜酸细胞组织细胞增生症,风湿科,"　　肺嗜酸细胞组织细胞增生症,以前包括在组织细胞增生症X(HX)之中。目前认为Langerhans细胞组织细胞增生症(Langerhanscell histiocvtosis，LCH)更为合宜，因为最近研究表明这组疾病的主要病变是Langerhans组织细胞的克隆性增生。表现为婴幼儿的播散性急性病变(Letter-Siwe病)、慢性多灶性病变(Hand-Schuller-Christian)以及进展缓慢的局灶性病变(嗜酸细胞肉芽肿)。肺LCH可以是多系统病变的一部分或只局限于肺脏(嗜酸细胞肉芽肿，原发性肺LCH)。原发性肺LCH是一种少见的与吸烟有关的间质性肺疾病，主要发生在年轻成人。少见的也有只表现为孤立性溶骨病变;更为罕见的是多灶性或广泛播散性病变，与儿科Letter-Siwe病相近。进展期病变相似于IPF;然而本病一般呈良性和迁延性临床病程。尽管LCH与其他弥漫性间质性肺疾病有某些相似之处，但作为一个独立疾病，它有其不同于其他疾病的临床、放射线学和病理学表现。",fssxbzzxbzsz," 肺嗜酸性细胞增多症,嗜酸细胞性肺炎,肺嗜酸细胞细胞增多症,Langerhans细胞组织细胞增生症,LCH",http://jbk.39.net/fssxbzzxbzsz/yyzl,内科,http://jbk.39.net/fssxbzzxbzsz/jbzs,
遗传性高尿酸血症,风湿科,　　遗传性高尿酸血症(hereditary hyperuricemia)是X染色体隐性遗传病，由Lesch与Nyban(1964)首先报道，出现舞蹈样不自主运动，尿酸明显增加。　　尿酸为嘌呤(purine)代谢的最终产物。嘌呤和嘧啶(pyrimidine)是合成生命遗传物质DNA(去氧核糖核酸)和RNA(核糖核酸)的重要原料。嘌呤经过氧化代谢产生的尿酸主要是由肾脏和肠道排出，每天的尿酸生产量和排泄量在体内维持一定的平衡，如果生产过剩或排泄不良，就会使尿酸堆积在体内，造成血中尿酸过高(即高尿酸血症)。　　遗传性高尿酸血症是由于基因突变，导致患儿体内嘌呤代谢的酶，即次黄嘌呤-鸟嘌呤磷酸核糖转移酶活力部分或完全缺乏，继而导致嘌呤更新代谢加速，出现高尿酸血症。,ycxgnsxz, 遗传性血尿酸过多,http://jbk.39.net/ycxgnsxz/yyzl,内科,http://jbk.39.net/ycxgnsxz/jbzs,"轻度精神发育迟滞,不自主运动,中指指甲凹陷,尿路结石"
二水焦磷酸钙结晶沉积症,风湿科,　　二水焦磷酸钙结晶沉积症(calcium pyrophosphate dihydrate deposition diseaes，CPPD)发现已有30多年历史，在CPPD结晶被确证之前，常混称“痛风”;之后，又称“假性痛风”(pseudogout)，又因其X线上呈现关节软骨钙化，所以又称“软骨钙化症”(chondrocalcinosi)。但此病可无软骨钙化表现，所以目前一般称之为“焦磷酸性关节病”(pyrophosphate arthropathy)。,esjlsgjjcjz, 焦磷酸性关节病,http://jbk.39.net/esjlsgjjcjz/yyzl,内科,http://jbk.39.net/esjlsgjjcjz/jbzs,"钙化,利尿,热痛,滑膜增厚,关节肿胀"
小儿紫斑湿疹综合征,风湿科,　　紫斑湿疹综合征(Aldrich syndrome)又名湿疹-血小板减少-反复感染综合征、Wiskett-Aldrich综合征、Wiskett综合征、Aldrich综合征、Aldrich-Dees综合征、湿疹-血小板减少性免疫缺陷病(immunodeficiency with eczema-thrombocytopenia)、遗传性湿疹血小板减少免疫缺陷病等。　　本综合征以反复感染、血小板减少引起的出血症状和湿疹样皮损为特点。于婴幼儿期起病，仅见于男孩。,xezbszzhz," 小儿湿疹-血小板减少-反复感染综合征,小儿湿疹-血小板减少性免疫缺陷病,小儿遗传性湿疹血小板减",http://jbk.39.net/xezbszzhz/yyzl,内科,http://jbk.39.net/xezbszzhz/jbzs,"皮肤黏膜紫斑,瘀斑,反复感染,出血倾向,胃肠道出血,嗜酸性粒细胞增多,血小板减少"
先天性胸腺发育不全,风湿科,　　先天性胸腺发育不全又称DiGeorge综合征或第3、4对咽囊综合征。是因胚胎早期第1至第6对咽囊发育异常引起的先天性免疫缺陷。在胚胎第6～10周，胸腺、甲状旁腺和部分颜面、主动脉弓及心脏结核由第1至第6对咽囊的细胞成分发育形成。至妊娠第12周，胸腺移行至胸部，此前如这些胚胎组织发育异常便引起本征。此病均为散发，故推测不是遗传缺陷所致，可能是胚胎环境异常造成，如母亲酗酒可能就是致病因素之一。病理检查可见胸腺和甲状腺缺如或发育不全。患者无性别差异。,xtxxxfybq," DiGeorge综合征,第3、4对咽囊综合征,Nezelof综合征",http://jbk.39.net/xtxxxfybq/yyzl,内科,http://jbk.39.net/xtxxxfybq/jbzs,"眼距宽阔,心脏畸形,抽搐"
妊娠合并类风湿关节炎,风湿科,　　类风湿关节炎(Rheumatoid arthritis，RA)，简称类风关，是一种慢性的进行性关节病变为主的自身免疫病，病因不明，但一般认为是感染引起的自身免疫反应。其特征是对称性多关节炎，以双手、腕、肘、膝、踝和足关节受累最为常见，但全身其他关节亦可受累。除关节外，类风湿皮下结节、动脉炎、神经系统病变、角膜炎、心包炎、淋巴结肿大和脾大等关节外系统表现也很常见。,rshblfsgjy, 妊娠合并类风湿,http://jbk.39.net/rshblfsgjy/yyzl,内科,http://jbk.39.net/rshblfsgjy/jbzs,"关节肿胀,关节强直,皮下结节,肾损害,疲劳"
结节性多动脉炎伴发的葡萄膜炎,风湿科,　　结节性多动脉炎(polyarteritis nodosa)是一种以坏死性血管炎为特征的累及多系统、多器官的少见的疾病。主要累及小动脉和中等大小动脉，也可累及毛细血管和静脉。此病在文献中也被称为动脉周围炎(periarteritis)或多血管炎(polyangiitis)。结节性多动脉炎过去是全身性血管炎的总称，随着人们认识的加深，目前已将其视为一种独特的临床类型，而以往伴发类风湿性关节炎的结节性动脉炎，现在被称为类风湿性血管炎(rheumatoid vasculitis)，伴有肺部受累的结节性多动脉炎被叫作Churg-Strauss综合征。,jjxddmybfdptmy," 结节性多动脉炎伴发的色素膜炎,结节性多发动脉炎伴发的葡萄膜炎,结节性多发动脉炎伴发的色素膜炎",http://jbk.39.net/jjxddmybfdptmy/yyzl,内科,http://jbk.39.net/jjxddmybfdptmy/jbzs,"热结节,老年人非病变性眼前飞蚊,眼前冒火花或眼前闪光,黄色结节,足和足趾不能背屈,视力障碍,紫癜,泪溢,足背动脉搏动消失,血压高,肚子疼,尿蛋白"
血管炎前期综合征,风湿科,　　血管炎前期综合征是一种与Still病相似的自身免疫性系统性血管病，其临床表现酷似Still病，但两者的实验室检查有所区别。,xgyqqzhz, 血管炎前期综合症,http://jbk.39.net/xgyqqzhz/yyzl,内科,http://jbk.39.net/xgyqqzhz/jbzs,
银屑病关节炎性巩膜炎,风湿科,　　银屑病性关节炎(PA)是以银屑病[皮肤和(或)指甲]、特发性关节炎[周围关节和(或)脊柱]和类风湿因子(RF)阴性三联征为特征的疾病。,yxbgjyxgmy, 牛皮癣性关节炎性巩膜炎,http://jbk.39.net/yxbgjyxgmy/yyzl,内科,http://jbk.39.net/yxbgjyxgmy/jbzs,"巩膜水肿,巩膜充血,视力障碍"
风湿性边缘性红斑,风湿科,　　风湿性边缘性红斑(erythema marginatum rheuma tieum)为风湿热的主要症状。皮损有两种形态：一种为扁平型，即环形风湿性红斑;另一型为隆起型，即边缘性红斑。皮损呈环形、弧形。可扩大呈多环形或网状，损害扩展迅速，于数小时或数天内可消失，但在别处可成批反复发生。治疗可用非甾体类抗炎药及水杨酸盐制剂行抗风湿治疗，并同时应用青霉素等抗生素。,fsxbyxhb,"
                        ",http://jbk.39.net/fsxbyxhb/yyzl,内科,http://jbk.39.net/fsxbyxhb/jbzs,"发烧,关节痛,食欲减退"
急性风湿热肾损害,风湿科,　　急性风湿热肾损害是由风湿热引起的双肾短期、非进展性、病理改变较轻的一种免疫性损害。,jxfsrssh,"
                        ",http://jbk.39.net/jxfsrssh/yyzl,内科,http://jbk.39.net/jxfsrssh/jbzs,"肾损害,蛋白尿"
色素性紫癜性苔藓样皮病,风湿科,"　　色素性紫癜性苔藓样皮炎(pigmented purpuric lichenoid dermatitis)又称顾-勃综合征(Gougerot-Blum
syndrome)。与中医的“血疳”相似，如《医宗金鉴·外科心法》记载：“本症由于风热邪气闭塞腠理，血燥多热所致，形如紫疥，痛痒时作，抓痕累累，皮肤出血”。",ssxzdxtxypb," 伴苔藓样损害的瘙痒性血管硬化性紫癜,色素性紫癜性苔藓样皮肤病",http://jbk.39.net/ssxzdxtxypb/yyzl,内科,http://jbk.39.net/ssxzdxtxypb/jbzs,"丘疹,瘙痒,鳞屑"
热性嗜中性白细胞皮肤病,风湿科,　　热性嗜中性白细胞皮肤病即斯维特(Sweet)综合征，又名急性发热性嗜中性白细胞增多性皮肤病或隆起性红斑，为少见风湿病，主要见于女性。其特征为：①皮肤突然出现疼痛性红斑结节或斑块，主要分布于手臂、面部和颈部。②在组织学上，真皮显示有特征性成熟的中性粒细胞浸润。③常有发热、全身消耗和周围血象中性粒细胞增多。④皮损通常在接受糖皮质激素治疗后消失，不留任何痕迹，但常反复发作。,rxszxbxbpfb," 急性发热性嗜中性白细胞增多性皮肤病,急性发热性中性白细胞性皮肤病,隆起性红斑,斯威特氏综合征",http://jbk.39.net/rxszxbxbpfb/yyzl,内科,http://jbk.39.net/rxszxbxbpfb/jbzs,"发烧,咽痛,关节痛,皮疹"
过敏性肉芽肿性血管炎相关巩膜炎,风湿科,　　过敏性肉芽肿性血管炎(AGA)又称Churg-Strauss综合征，是一种类似于结节性多动脉炎(PAN)的血管性疾病，可影响身体的任何器官，但与典型的PAN相比有如下特点：①90%以上的患者皆侵及肺血管；②血管炎累及到中小动静脉；③血管内及血管外肉芽肿形成；④嗜酸性粒细胞组织浸润；⑤并发哮喘及周围血嗜酸粒细胞增多；⑥本病与乙型肝炎无关。,gmxryzxxgyxggmy, 变应性肉芽肿性血管炎相关巩膜炎,http://jbk.39.net/gmxryzxxgyxggmy/yyzl,内科,http://jbk.39.net/gmxryzxxgyxggmy/jbzs,"紫癜,皮下结节,溃疡"
嗜酸性粒细胞增多-肌痛综合征,风湿科,　　硬皮病样疾病(scleroderma-like disorders)包括嗜酸性筋膜炎和嗜酸性粒细胞增多-肌痛综合征(eosinophilia-myalgia syndrome，EMS)，病人表现为硬皮病样皮肤改变，同时伴有肌痛和嗜酸性粒细胞增多。致病因子被怀疑为L-色氨酸。经治疗可缓解，除少数嗜酸性粒细胞增多-肌痛综合征病人可遗有周围神经病变外，一般预后较好。,ssxlxbzdjtzhz," 嗜酸细胞增多性肌痛综合征,嗜酸性粒细胞增多-肌痛综合症",http://jbk.39.net/ssxlxbzdjtzhz/yyzl,内科,http://jbk.39.net/ssxlxbzdjtzhz/jbzs,
药物性狼疮,风湿科,　　药物性狼疮是指服用某种药物后所致的狼疮样疾病。发病机制尚不明确，有研究表明，T细胞研究显示T细胞DNA甲基化在调节基因表达和细胞分化中起关键作用。临床上以侵犯皮肤、肌肉、骨骼系统、胸腹、心包、肾脏为主。大量心包积液可造成心包填塞。,ywxlc,"
                                        ",http://jbk.39.net/ywxlc/yyzl,内科,http://jbk.39.net/ywxlc/jbzs,
复发性多软骨炎性,风湿科,　　复发性多软骨炎是一少见的累及全身多系统的疾病，具有反复发作和缓解的进展性炎性破坏性病变，累及软骨和其他全身结缔组织包括耳、鼻、眼、关节呼吸道和心血管系统等。1923年Jaksch-Wartenhorst：首次描述本病的临床表现，并命名为多发性软骨病(polychondropathia)，1960年Pearson分析了12例患者，命名为复发性多软骨炎。其病因和发病机制目前仍不清，但越来越多的证据表明本病有自身免疫的机制参与。,ffxdrgyx, 复发性多发软骨炎,http://jbk.39.net/ffxdrgyx/yyzl,内科,http://jbk.39.net/ffxdrgyx/jbzs,"巩膜外层炎,角膜混浊,视力障碍,耳痛,泪溢,骨脆,周期性发作的巩膜充血,尿蛋白,巩膜水肿"
重叠综合征,风湿科,　　重叠综合征(Overlap syndrome)指的是患有两种或两种以上结缔组织病间病情的重叠，亦称为重叠结缔组织病。这种重叠可同时发生，好病人在同一时间符合两种或两种以上结缔组织病的诊断;亦可在不同时期先后发生另一种结缔组织病;或先有某一种结缔组织病，以后移行转变为另一种CTD。这种转变可呈连续性或间隔一定时间后进行。OS通常发生于6个弥漫性CTD，即SLE、RA、DM/PM、PSS、结节性多动脉炎(PN)及风湿热(RF)的重叠，亦可由6个CTD与近缘病如白塞病、干燥综合征、脂膜炎相重叠，此外尚可与其他自身免疫病如慢性甲状胆状腺炎、自身免疫性溶血性贫血等重叠。,zdzhz," 重叠胶原病,重叠结缔组织病",http://jbk.39.net/zdzhz/yyzl,内科,http://jbk.39.net/zdzhz/jbzs,"无力,关节畸形,皮下结节,皮肤硬化"
系统性红斑狼疮伴发的葡萄膜炎,风湿科,　　系统性红斑狼疮(systemic lupus erythematosus)是一种自身免疫性结缔组织病，主要由免疫复合物所介导，典型地表现为多种自身抗体产生和多系统、多器官受累。眼部表现有眼睑皮炎、Sjouml;gren综合征、角膜炎、巩膜炎、前葡萄膜炎、视网膜血管病变等。,xtxhblcbfdptmy, 系统性红斑狼疮伴发的色素膜炎,http://jbk.39.net/xtxhblcbfdptmy/yyzl,内科,http://jbk.39.net/xtxhblcbfdptmy/jbzs,"肝肿大,发烧,脾肿大,水肿,溃疡,视力障碍,关节疼痛"
幼年型类风湿病,风湿科,　　幼年型类风湿病(juvenile rheumatoid arthritis，JRA)是小儿时期一种常见的结缔组织病，以慢性关节炎为其主要特点，并伴有全身多系统的受累，包括关节、皮、肌、肝、脾、淋巴结。年龄较小的患儿往往先有持续性不规则发热，其全身症状较关节症状更为显著。年长儿或成年患者较多限于关节症状。　　本病临床表现差异较大，可分为不同类型，因此有多种命名。如Still病(1897)，幼年类风湿病反复高热型(Wissler Fanconi综合征)，幼年慢性关节炎(juvenile chronic arthritis，JCA)，幼年类风湿病(juvenile rheumatoid disease)及幼年型关节炎(juvenile arthritis，JA)等。,ynxlfsb, 幼年型类风湿关节炎,http://jbk.39.net/ynxlfsb/yyzl,内科,http://jbk.39.net/ynxlfsb/jbzs,"肌肉萎缩,关节僵直,弛张热,斑丘疹"
肝炎病毒相关风湿病,风湿科,　　肝炎病毒相关风湿病是指由肝炎病毒引起的慢性活动性肝炎，也称慢性进行性肝炎。它是一种由免疫机制引起的、以肝脏损害为主的全身炎症性疾病。其特征为：①具有肝病的典型组织学改变;②除肝脏病变外，尚有多系统损害特征;③具有多种免疫学异常。在目前已知的甲、乙、丙、丁、戊、庚六型肝炎病毒感染中，前五型均可伴有慢性肝外组织器官损害，但以乙型(HBV)最为突出，丙型(HCV)、丁型(HDV)、甲型(HAV)及戊型(HEV)依次次之。庚型肝炎病毒目前我国尚未分离成功，也无病例报道。Saint等(1953)首次发现一种预后不良的进行性炎症性疾病，以传染性肝炎为早期表现，并将其命名为慢性活动性肝炎。Joske(1955)强调病毒性肝炎进行发展与狼疮细胞现象有关，从而提出应以狼疮样肝炎命名这种慢性进行性肝病，但目前已完全肯定此种肝病与系统性红斑狼疮肝病截然不同。Saint等(1953)首次发现一种预后不良的进行性炎症性疾病，以传染性肝炎为早期表现，并将其命名为慢性活动性肝炎。Joske(1955)强调病毒性肝炎进行发展与狼疮细胞现象有关，从而提出应以狼疮样肝炎命名这种慢性进行性肝病，但目前已完全肯定此种肝病与系统性红斑狼疮肝病截然不同。,gybdxgfsb,"
                                        ",http://jbk.39.net/gybdxgfsb/yyzl,内科,http://jbk.39.net/gybdxgfsb/jbzs,"食欲减退,体重减轻,低烧,腹胀,关节痛"
系统性红斑狼疮性巩膜炎,风湿科,　　系统性红斑狼疮性巩膜炎（SLE）是一种病因不明累及多系统脏器，并具有以抗细胞抗体、细胞浆及细胞膜抗原抗体产生为特征的自身免疫性疾病。系统性红斑狼疮以青年女性多见，男女之比至少为1∶7～1∶9，发病年龄大多为15～45岁，但亦见于儿童及老人。美国黑种人SLE发病率约是白种人的3倍，一般人群SLE发病率15.5/10万～50/10万人口。中国患病率高于西方中国，约为70/10万人口，且在美国、新加坡等地华裔人群中患病率亦高，这可能与遗传因素有关。中国不同地区、不同民族患病率亦有所不同。系统性红斑狼疮性巩膜炎流行病学资料不详。,xtxhblcxgmy, 全身性红斑狼疮性巩膜炎,http://jbk.39.net/xtxhblcxgmy/yyzl,内科,http://jbk.39.net/xtxhblcxgmy/jbzs,"尿蛋白,视网膜出血,恶心与呕吐,多形红斑样皮疹,巩膜外层炎,急性肾衰竭"
多发性肌炎-皮肌炎,风湿科,　　多发性肌炎-皮肌炎(polymyositis-dermatomyositis，PM-DM)是一组亚急性或慢性起病的获得性炎症性肌病，其主要病理特征是肌纤维坏死、再生及肌间质内炎性细胞浸润。PM-DM的病因未明，到目前为止仍属排除性诊断，凡是找不到明确感染因子(如病毒、细菌、寄生虫等)的炎症性肌病均属此病范畴，故又称为特发性炎症性肌病(idiopathic inflammatory myopathy)。由于本组疾病对皮质类固醇激素治疗反应良好，推测其发病机制可能与自身免疫异常有关。　　多发性肌炎(polymyositis，PM)的主要临床表现是以肢体近端、颈部和咽部肌群无力伴疼痛为主的弥漫性炎性肌病。若合并典型皮疹者，则称之为皮肌炎(dermatomyositis，DM)。约1/3病人可合并其他结缔组织疾病，1/10病人与肿瘤伴发。多发性肌炎-皮肌炎肾损害见于少数患者。,dfxjypjy," 多发性肌炎/皮肌炎,多发性肌炎和皮肌炎,特发性炎症性肌病,多肌炎-皮肌炎",http://jbk.39.net/dfxjypjy/yyzl,内科,http://jbk.39.net/dfxjypjy/jbzs,
小儿系统性红斑狼疮,风湿科,　　系统性红斑狼疮 (systemic lupus erythematosus，简称SLE)是一种累及多系统的慢性自身免疫性结缔组织病，临床表现多种多样，儿童 SLE在很多方面与成人 SLE相似，如临床表现、免疫学等，但亦有许多独特的方面。其临床表现十分复杂，临床除发热，皮疹等共同表现外，因受累脏器不同而表现不同，常常先后或同时累及泌尿、神经、心血管、血液等多个系统，常表现为中至重度多脏器损害。,xextxhblc, 小儿全身性红斑狼疮,http://jbk.39.net/xextxhblc/yyzl,内科,http://jbk.39.net/xextxhblc/jbzs,"面部蝶形红斑,蛋白尿,盘状红斑,乏力,斑丘疹"
风湿病性贫血,风湿科,　　风湿病亦称结缔组织病，临床表现常见为贫血，约半数患者在病程中出现轻度或中度贫血。其中绝大多数属慢性病性贫血，少数为自身免疫性溶血性贫血(AIHA)。,fsbxpx, 风湿病性贫血症,http://jbk.39.net/fsbxpx/yyzl,内科,http://jbk.39.net/fsbxpx/jbzs,"乏力,心悸,气短"
妊娠合并系统性红斑狼疮,风湿科,　　系统性红斑狼疮(SLE)是一种常见的自身免疫性疾病，大多数研究认为SLE发病是遗传因素和环境因素相互作用的结果，病变可累及多种器官和组织。因为生育可以使SLE疾病严重恶化，甚至危及生命，所以20世纪50年代以前患了SLE等于患绝症，常常被认为不能结婚，即使结婚也不能生育。不过，随着对SLE诊治技术的提高，不仅使患者的生存率明显提高，而且其生存质量也大大提高了，SLE也不再是不治之症。现在，SLE患者不但可以结婚，而且还能生育。但是，由于SLE的发病和性激素密切相关，SLE患者受孕后，可使SLE疾病恶化，且易出现流产、胎死宫内、妊高征、胎儿生长迟缓(IUGR)等产科并发症，故SLE患者的生育问题仍然是一个困惑医务人员和患者的禁区。,rshbxtxhblc, 妊娠合并全身性红斑狼疮,http://jbk.39.net/rshbxtxhblc/yyzl,内科,http://jbk.39.net/rshbxtxhblc/jbzs,"关节疼痛,乏力,抽搐"
网状青斑和青斑性血管炎,风湿科,　　网状青斑和青斑性血管炎(livedoreticularis and livedo vasculitis) 是由多种因素引起皮肤呈青紫色的网状变化的血管性疾病，受冷后可加重。持久的功能性血管改变发展成器质性病变时则成为青斑性血管炎。,wzqbhqbxxgy, 网状青斑和青斑脉管炎,http://jbk.39.net/wzqbhqbxxgy/yyzl,内科,http://jbk.39.net/wzqbhqbxxgy/jbzs,
寒冷性脂膜炎,风湿科,　　寒冷性脂膜炎(cold panniculitis)由于寒冷、血运不良直接作用致脂肪组织损伤，引起皮下脂膜炎，表现为皮下结节或斑块。1941年Haxthausen描述其发生特点。,hlxzmy, 冷性脂膜炎,http://jbk.39.net/hlxzmy/yyzl,内科,http://jbk.39.net/hlxzmy/jbzs,
急性化脓性关节炎,风湿科,　　急性化脓性关节炎为化脓性细菌引起的关节急性炎症。血源性者在儿童发生较多，受累的多为单一的肢体大关节，如髋关节，膝关节及肘关节等。如为火器损伤，则根据受伤部位而定，一般膝、肘关节发生率较高。,jxhnxgjy,"
                        ",http://jbk.39.net/jxhnxgjy/yyzl,内科,http://jbk.39.net/jxhnxgjy/jbzs,"高热,抽搐,寒战,关节肿胀,关节液增加,死骨"
韦格纳肉芽肿,风湿科,　　韦格纳(Wegener granulomatosis，WG)肉芽肿是一种临床表现复杂、预后不良的系统性坏死性血管炎疾病，其特征为全呼吸道都发生肉芽肿性病变，有系统性坏死性血管炎和肾小球-肾炎。Klinger(1931)首次报告一例，解剖为结节性多动脉炎的界限型。Wegner于1936年报告3例，1939年又报告18例，并根据活检和尸检资料将本病命名为鼻源性肉芽肿，主要累及动脉和肾脏，命名为韦格纳肉芽肿。,wgnryz," 韦格内肉芽肿,韦格纳肉芽肿病,坏死性肉芽肿",http://jbk.39.net/wgnryz/yyzl,内科,http://jbk.39.net/wgnryz/jbzs,"鼻塞,咳嗽,胸痛"
斯蒂尔病,风湿科,　　斯蒂尔病是一种血清阴性的多关节炎，为幼年类风湿关节炎的一种。　　Still病(AOSD)是一种相对少见的炎症性疾病，它具有一组同系统性青年性关节炎(Still病)相似的临床特点和实验室特点。它的特点是：每天高峰型发热，关节炎和典型的发生于发热期的逐天消失的皮疹。,sdeb, 变应性亚败血症,http://jbk.39.net/sdeb/yyzl,内科,http://jbk.39.net/sdeb/jbzs,"淋巴结肿大,气血失和,肝脾肿大,斑疹,关节疼痛,弛张热"
白塞病性巩膜炎,风湿科,　　白塞病(BD)本质是一种慢性复发性全身性血管炎，病因未明，属于全身免疫性疾病。特征性的表现为口腔溃疡、生殖器溃疡和眼部炎症。早在;医学之父;希波克拉底时代就已发现眼炎、口腔溃疡和生殖器溃疡之间的联系。直到1937年才由土耳其皮肤科教授Hulusi Behcet第1个认识并阐述了该病的三联征。,bsbxgmy," 贝切特病性巩膜炎,贝切特氏病性巩膜炎",http://jbk.39.net/bsbxgmy/yyzl,内科,http://jbk.39.net/bsbxgmy/jbzs,"视网膜水肿,视网膜出血,视网膜脱离,反复生殖器溃疡,头痛,痤疮样皮疹,红斑结节"
变应性皮肤结节性血管炎,风湿科,　　本病主要是以下肢皮下组织内细小血管炎为病理基础而形成结节损害的皮肤病。,byxpfjjxxgy,"
                                        ",http://jbk.39.net/byxpfjjxxgy/yyzl,内科,http://jbk.39.net/byxpfjjxxgy/jbzs,"低烧,高热,寒战,静脉曲张,皮下结节"
Ehler-Danlos综合征,风湿科,　　Ehler-Danlos综合征又称皮肤弹性过度综合征，系一种先天性结缔组织缺陷病，临床上主要表现为皮肤弹性过度、皮肤和血管脆弱和关节活动度大三个特点。本病罕见，男多于女，常有家族史，属常染色体显性遗传，也有隐性遗传为特征的。,ehlerdanloszhz, 皮肤弹性过度综合征,http://jbk.39.net/ehlerdanloszhz/yyzl,内科,http://jbk.39.net/ehlerdanloszhz/jbzs,皮肤过度伸展
Ⅰ型免疫母细胞性淋巴腺病,风湿科,　　免疫母细胞性淋巴腺病(immunoblastic lymphodenopathy)是一种与自身免疫有关的淋巴母细胞过度增殖所致的高免疫反应状态疾病，也有人称之为血管免疫母细胞性淋巴结病、血管免疫母细胞性淋巴结病伴有异常蛋白血症、弥漫性浆细胞肉瘤。,yxmymxbxlbxb," 淋巴肉芽肿病X,淋巴网状细胞增多症性高γ球蛋白血症,慢性多潜能性免疫增生综合征",http://jbk.39.net/yxmymxbxlbxb/yyzl,内科,http://jbk.39.net/yxmymxbxlbxb/jbzs,"发烧,咳嗽,斑丘疹,不规则热,弛张热"
抗磷脂抗体综合征,风湿科,　　抗磷脂抗体综合征(antiphospholipid syndrome，APS)是指由抗磷脂抗体(antiphospholipid antibody，APL抗体)引起的一组临床征象的总称。APL抗体是一组能与多种含有磷脂结构的抗原物质发生免疫反应的抗体，主要有狼疮抗凝物(lupus anti-coagulant，LA)、抗心磷脂抗体(anti-cardiolipid antibody，ACL抗体)、抗磷脂酸抗体和抗磷脂酰丝氨酸抗体等。与APL抗体有关的临床表现，主要为血栓形成、习惯性流产、血小板减少和神经精神症状等。APS是SLE病人中常见的临床表现。,klzktzhz, 抗磷脂抗体综合症,http://jbk.39.net/klzktzhz/yyzl,内科,http://jbk.39.net/klzktzhz/jbzs,
毛细血管扩张性环状紫癜,风湿科,　　本病又称Majocchi紫癜、环状毛囊性毛细管扩张(telangiectasia follicularis annularis)，初为毛囊周围毛细血管扩张及出血，渐扩展成环状，中央遗留色素沉着及萎缩。,mxxgkzxhzzd, 环状毛囊性毛细管扩张,http://jbk.39.net/mxxgkzxhzzd/yyzl,内科,http://jbk.39.net/mxxgkzxhzzd/jbzs,"皮肤萎缩,疼痛,瘙痒,点状出血"
强直性脊柱炎及其伴发的葡萄膜炎,风湿科,　　20%～30%的强直性脊椎炎(ankylosing spondylitis，AS)患者发生前葡萄膜炎。在男性急性前葡萄膜炎患者中，强直性脊椎炎是最常合并的全身性疾病之一。,qzxjzyjqbfdptmy," 类风湿性脊椎炎及其伴发的葡萄膜炎,类风湿性脊椎炎及其伴发的色素膜炎,强直性脊柱炎及其伴发的色素层炎,强直性脊椎炎及其伴发的色素膜炎",http://jbk.39.net/qzxjzyjqbfdptmy/yyzl,内科,http://jbk.39.net/qzxjzyjqbfdptmy/jbzs,"强迫性脊柱炎,视力障碍,眼痛,持续性腰痛伴有晨僵,红眼,畏光流泪,视物模糊,睫状充血"
Poncet综合征,风湿科,　　Poncet综合征(Poncet syndrome)又称结核风湿症、结核变态反应性关节炎等，是由于结核杆菌毒素引起的细胞介导的过敏性免疫反应。,poncetzhz," 风湿样结核病,结核变态反应性关节炎,结核变态反应性关节炎综合征,结核风湿症",http://jbk.39.net/poncetzhz/yyzl,内科,http://jbk.39.net/poncetzhz/jbzs,
幼年型类风湿性关节炎,风湿科,　　幼年型类风湿性关节炎(juvenile rheumatoid arthritis，JRA)是以慢性关节炎为特征的一组疾病，国际风湿病学联盟儿科常委专家组将儿童时期不明原因关节肿胀持续6周以上这类关节炎统一定为幼年特发性关节炎(juvenile idiopathic arthritis，JIA)，从而取代幼年类风湿关节炎和幼年慢性关节炎两个分类标准。,ynxlfsxgjy," 青少年类风湿性关节炎,青少年型类风湿性关节炎,少年性类风湿性关节炎,小儿Still病",http://jbk.39.net/ynxlfsxgjy/yyzl,内科,http://jbk.39.net/ynxlfsxgjy/jbzs,"风湿性多发性肌痛症,白细胞增多,发炎,关节肿胀,弛张热"
类风湿性关节炎的肾损害,风湿科,　　类风湿性关节炎(rheumatoid arthritis，RA)是一种慢性、系统性炎性疾患，一般认为是遗传、感染等因素诱发机体的自身免疫反应而致病。主要表现为双侧对称性手指关节肿痛伴晨僵，病久可致关节畸形及功能障碍，主要死亡原因为感染、心血管病及肾损害。,lfsxgjydssh,"
                                        ",http://jbk.39.net/lfsxgjydssh/yyzl,内科,http://jbk.39.net/lfsxgjydssh/jbzs,"夜尿增多,慢性肾损害,蛋白尿,结节"
白塞病伴发的精神障碍,风湿科,"　　白塞病即眼-口腔-生殖器三联症，是以口腔、生殖器溃疡和虹膜睫状体炎为主征的一种自体免疫性疾病。Cavara等(1954)提出以中枢神经症状为主要临床象者称之为神经型白塞病。神经精神症状的发生机制尚不清。
　　白塞病是其伴发精神障碍发病的主要因素，导致精神障碍的脑功能紊乱继发于白塞病。然尔并非患白塞病的全部发生精神障碍，故白塞病并非为发生精神障碍的惟一原因。",bsbbfdjsza," 贝赫切特病伴发的精神障碍,贝切特病伴发的精神障碍,神经型白塞病,眼-口腔-生殖器三联症伴发的精神障碍",http://jbk.39.net/bsbbfdjsza/yyzl,内科,http://jbk.39.net/bsbbfdjsza/jbzs,
亚急性皮肤红斑狼疮,风湿科,　　亚急性皮肤红斑狼疮(SCLE)又称浅表性播散性狼疮亚急性播散性狼疮、牛皮癣型狼疮、播散性盏状狼疮等。本病皮损既与盘状红斑狼疮不同，又与泛发型瘢痕性盘状狼疮不同。本病皮损具有对称性、浅表性、泛发性和无瘢痕形成的特征。,yjxpfhblc," 播散性盏状狼疮,牛皮癣型狼疮,浅表性播散性狼疮亚急性播散性狼疮,亚急性皮肤红斑",http://jbk.39.net/yjxpfhblc/yyzl,内科,http://jbk.39.net/yjxpfhblc/jbzs,
系统性血管炎,风湿科,　　血管炎(vasculitis)是一组以血管的炎症与破坏为主要病理改变的异质性疾病，其临床表现因受累血管的类型、大小、部位及病理特点不同而不同。血管炎可以是一个单发的疾病，也可以是某一疾病的临床表现之一，如系统性红斑狼疮、类风湿关节炎、舍格伦综合征、肿瘤、感染;其本身可以是系统性的，引起多系统脏器的功能障碍，也可以是局限于某一器官的。鉴于血管炎的复杂性和多样性，可称之为血管炎综合征(vasculitis syndrome)。血管炎的预后取决于受累血管的大小、数量和部位。,xtxxgy," 系统性脉管炎,血管炎综合征",http://jbk.39.net/xtxxgy/yyzl,内科,http://jbk.39.net/xtxxgy/jbzs,
局限性硬皮病,风湿科,"　　顾名思义，硬皮病(scleroderma)是皮肤变硬的疾病。一般分类将病变局限于皮肤的,内脏不受累及的称为局限性硬皮病(localized scleroderma)，位于病谱一端，系统性硬化症(systemic sclerosis)中弥漫性硬皮病(diffuse scleroderma)，皮肤病变广泛并伴有多脏器累及位于病谱的另一端。在两极之间，有一些中间类型，如局限性中的泛发性硬斑病，系统性中的肢端型硬皮病，CREST综合征等。",jxxypb, 局灶性硬皮病,http://jbk.39.net/jxxypb/yyzl,内科,http://jbk.39.net/jxxypb/jbzs,
小儿风湿热,风湿科,　　小儿风湿热(rheumatic fever) 是儿科常见的危害学龄期儿童生命和健康的主要疾病之一，其病变是全身性结缔组织的非化脓性炎症，主要侵犯心脏和关节，其它器官如脑、皮肤、浆膜、血管等均可受累，但以心脏损害最为严重且多见。有时首次发作即可使心脏受损，反复发作可使三分之二的病儿遗留慢性心瓣膜病。临床表现以心脏炎与关节炎为主，伴发热、毒血症、皮疹、皮下小结、舞蹈症等。,xefsr, 小儿急性风湿性多关节炎,http://jbk.39.net/xefsr/yyzl,内科,http://jbk.39.net/xefsr/jbzs,"乏力,高热,淋巴结肿大,咽痛,肌痛,低烧,狭窄杂音"
红蝴蝶疮,风湿科,　　红蝴蝶疮是一种可累及皮肤和全身多脏器的自身免疫性疾病。相当于西医的红斑狼疮。 临床常见类型为盘状红蝴蝶疮和系统性红蝴蝶疮。其特点是：盘状红蝴蝶疮好发于面颊部，主要表现为皮肤损害，多为慢性局限性;系统性红蝴蝶疮除有皮肤损害外，常同时累及全身多系统、多脏器，病变呈进行性经过，预后较差。多见于15～40岁女性。　,hhdc, 红斑狼疮,http://jbk.39.net/hhdc/yyzl,内科,http://jbk.39.net/hhdc/jbzs,
结节性多动脉炎,风湿科,　　结节性多动脉炎又称多动脉炎，或结节性动脉周围炎，是一种累及中、小动脉的坏死性血管炎性疾病。结节性多动脉炎可累及人体的任何器官，但以皮肤、关节、外周神经、胃肠道和肾脏受累最为常见。病变的严重程度个体间差异很大。结节性多动脉炎还可以合并于其他疾病如类风湿性关节炎、干燥综合征等。根据受累血管大小，分为经典型结节性多动脉炎与微型多发性动脉炎，前者侵犯中等动脉及其分支处，后者累及小动脉及小静脉，特点是中小动脉坏死性、非肉芽肿性血管炎，这是因为血管损伤并非仅累及动脉壁外层，而是可能同时累及动脉壁各层引起坏死性动脉炎，最后导致多发性动脉瘤、血栓形成或梗死。,jjxddmy," 结节性动脉周围炎,结节性多发性动脉炎,库斯毛耳病,库斯毛耳氏病",http://jbk.39.net/jjxddmy/yyzl,内科,http://jbk.39.net/jjxddmy/jbzs,"皮肤肉芽肿,情绪性哮喘,炎性细胞浸润,红斑结节,不明原因发热,乏力,关节痛,肌痛,视力障碍"
老年人类风湿性关节炎,风湿科,　　类风湿关节炎(rheumatoid arthritis，RA)是以对称性，进行性及侵蚀性的多关节炎，主要累及手足小关节，表现为关节疼痛、肿胀和功能障碍，病情迁延反复。是一种以关节滑膜炎症为特征的慢性全身性自身免疫性疾病。主要的病理变化为关节滑膜的慢性炎症，血管翳形成，软骨和软骨下骨破坏，最终造成关节畸形和强直，功能丧失。遗传、感染、随机因素、性激素、环境因素 自身心理因素，中医的正虚、邪侵、痰淤，都可能因起本病。,lnrlfsxgjy," 老年类风湿性关节炎,老年人类风湿,老年人历节,老年人顽痹,老年人尪痹,老年人周痹",http://jbk.39.net/lnrlfsxgjy/yyzl,内科,http://jbk.39.net/lnrlfsxgjy/jbzs,"乏力,发烧,风寒湿痹,晨僵,风湿性多发性肌痛症"
血栓性静脉炎,风湿科,　　本病是以静脉壁的急性非化脓性炎症和管腔内血栓形成为特征的静脉疾病。血流缓慢和涡流形成、血液凝固性增高及血管内膜损伤是其主要病因。临床上分为浅表性血栓性静脉炎，深静脉血栓形成两类。需与静脉水肿，淋巴水肿相鉴别。使血栓和炎症局限化;消除肿胀，尽可能恢复静脉功能;预防发展成致死性肺栓塞是治疗本病的主要目的。,xsxjmy,"
                                        ",http://jbk.39.net/xsxjmy/yyzl,内科,http://jbk.39.net/xsxjmy/jbzs,"发烧,压痛,股三角区压痛,结节"
纤维肌痛综合征,风湿科,　　纤维肌痛综合征(fibromyalgia syndrome，FS)是一种非关节性风湿病，临床表现为肌肉骨骼系统多处疼痛与发僵，并在特殊部位有压痛点。纤维肌痛综合征可继发于外伤，各种风湿病，如骨性关节炎、类风湿关节炎及各种非风湿病(如甲状腺功能低下、恶性肿瘤)等。本病属中医痹证、行痹、肌痹、腰腿痛范畴。,xwjtzhz, 纤维肌痛综合症,http://jbk.39.net/xwjtzhz/yyzl,内科,http://jbk.39.net/xwjtzhz/jbzs,"疼痛,晨僵,钝痛,多梦"
强直性脊柱炎性巩膜炎,风湿科,　　强直性脊柱炎(AS)是一种原因未明的慢性全身性疾病，累及脊椎关节、骶髂关节和关节周围组织。早年曾被认为是类风湿性关节炎(RA)的一个临床类型。近年认为本病是完全不同于RA的一种独立的疾病。能引起脊柱关节病变的疾病还包括Reiter综合征(RS)、银屑病性关节炎和炎性肠病(IBD)。,qzxjzyxgmy, 强直性脊椎炎性巩膜炎,http://jbk.39.net/qzxjzyxgmy/yyzl,内科,http://jbk.39.net/qzxjzyxgmy/jbzs,"眼痛,畏光流泪,大小便失禁,睫状充血,视力障碍,强迫性脊柱炎"
复发性风湿病,风湿科,　　复发性风湿病又名发作性风湿症、Hench-Rosenberg综合征、Hench综合征和复发性风湿症。其特点是急性关节炎和关节周围炎反复发作，发作间歇期内无任何症状。初次发病多见于30～60岁，偶尔亦可在儿童期发病。同一家族中可有多人发病。男女发病机会均等。,ffxfsb," 发作性风湿症,复发性风湿症",http://jbk.39.net/ffxfsb/yyzl,内科,http://jbk.39.net/ffxfsb/jbzs,"关节疼痛,疼痛,低烧,双足红肿热痛"
自身免疫性疾病,风湿科,　　自身免疫性疾病（autoimmune diseases）是指机体对自身抗原发生免疫反应而导致自身组织损害所引起的疾病。许多疾病相继被列为自身免疫性疾病，值得提出的是，自身抗体的存在与自身免疫性疾病并非两个等同的概念，自身抗体可存在于无自身免疫性疾病的正常人特别是老年人，如抗甲状腺球蛋白、甲状腺上皮细胞、胃壁细胞、细胞核DNA抗体等。有时，受损或抗原性发生变化的组织可激发自身抗体的产生，如心肌缺血时，坏死的心肌可导致抗心肌自身抗体形成，但此抗体并无致病作用，是一种继发性免疫反应。?,zsmyxjb,"
                                        ",http://jbk.39.net/zsmyxjb/yyzl,内科,http://jbk.39.net/zsmyxjb/jbzs,
混合性结缔组织病,风湿科,　　混合结缔组织病(mixedconnectivetissuedisease，MCTD)是一种同时或不同时具有红斑狼疮、皮肌炎或多发性肌炎、硬皮病类风湿性关节炎等混合表现，而不能确定其为哪一种病。血中有高效价的斑点型荧光抗核抗体和抗核糖核蛋白(n-RNP)抗体的结缔组织病，肾脏累及少，对皮质类固醇效果好，预后亦佳。本病由Sharp等于1972年首先报导。关于MCTD是否系一独立疾病尚存在不同见解。有人认为系SLE的一种亚型，或提出是 PSS的一种亚型，但亦有较多病例，经多年观察，症状不变，认作为一独立疾病。,hhxjdzzb," 混合结缔组织病,混合型结缔组织病",http://jbk.39.net/hhxjdzzb/yyzl,内科,http://jbk.39.net/hhxjdzzb/jbzs,
成人类风湿性关节炎性巩膜炎,风湿科,　　类风湿性关节炎(rheumatoid arthritis，RA)是一种常见的以关节组织慢性炎症性病变为主要表现的多系统炎症的自身免疫性疾病。也可损害关节外组织，如眼、皮肤、肺、心和末梢神经等。,crlfsxgjyxgmy,"
                                        ",http://jbk.39.net/crlfsxgjyxgmy/yyzl,内科,http://jbk.39.net/crlfsxgjyxgmy/jbzs,"低烧,视力障碍,红眼,泪溢,巩膜水肿,巩膜充血"
成人斯蒂尔病,风湿科,　　斯蒂尔病是一种血清阴性的多关节炎，为幼年类风湿关节炎的一种。最早由斯蒂尔(1897)报道，其临床特征有长期不规则发热，伴有肝、脾、淋巴结肿大，贫血，白细胞增多，多发性大、中、小关节炎，肌肉病变等。本病在临床表现和病理上都与成人类风湿关节炎不同。其全身症状较突出，类风湿因子多为阴性，且与HLA-B27相关。,crsdeb," 变应性或超敏感性亚败血症,成人Willer-Fanconi综合征,成人Wissler综合征,成人变应性亚败血症",http://jbk.39.net/crsdeb/yyzl,内科,http://jbk.39.net/crsdeb/jbzs,"发烧,皮疹,关节痛"
痛风和高尿酸血症,风湿科,　　痛风(gout)是由于遗传性或获得性病因，引起嘌呤代谢紊乱所致的疾病。其临床特征是;高尿酸血症及由此引起的痛风性急性关节炎反复发作，痛风石沉积，痛风石性慢性关节炎和关节畸形，常累及肾脏引起慢性间质性肾炎和尿酸性肾结石形成，也可由尿酸结石引起急性肾功能衰竭。,tfhgnsxz,"
                        ",http://jbk.39.net/tfhgnsxz/yyzl,内科,http://jbk.39.net/tfhgnsxz/jbzs,"发烧,头痛,关节痛,疲乏"
未分化结缔组织病,风湿科,"　　近年来，未分化结缔组织病(undifferentiated connective tissue disease，UCTD)已逐渐被人们所认识。本病具有某些结缔组织病的临床表现，但又不符合任何一种特定疾病的诊断标准。它可能属于某一种弥漫性结缔组织病的早期阶段或顿挫型，在部分患者也可能是一种独立的疾病。到目前为止，未发现UCTD有特征性的临床表现和特异性的实验室指标。UCTD的诊断主要依靠临床表现，本病是否为另一种结缔组织病仍需学术界的进一步研究。
　　UCTD的概念最早由LeRoy等在1980年提出。但是，直至1989年以后，相关的临床研究才逐渐增多。文献上的名称仍不统一，有人称之为隐匿性狼疮、不全型或顿挫型狼疮、早期未分化结缔组织病和未分化结缔组织综合征等。各研究者推荐的诊断标准也不完全一致。近十几年来，国外对本病的临床特征、实验室异常及其转归进行了较多的研究。国内亦有不少UCTD的病例，但系统的研究报道尚少。",wfhjdzzb," 不全型或顿挫型狼疮,未分化结缔组织综合征,隐匿性狼疮,早期未分化结缔组织病",http://jbk.39.net/wfhjdzzb/yyzl,内科,http://jbk.39.net/wfhjdzzb/jbzs,
老年人痛风,风湿科,　　痛风是由于遗传性和(或)获得性尿酸生成过多和(或)排泄减少引起的一组异质性疾病。其临床特点是：高尿酸血症及尿酸盐结晶，沉积所致的急性关节炎、痛风石、慢性痛风关节炎、痛风性肾病。上述表现可单独或联合存在。,lnrtf," 老年人高尿酸血症,老年人尿酸盐贮积病,老年痛风",http://jbk.39.net/lnrtf/yyzl,内科,http://jbk.39.net/lnrtf/jbzs,"头痛,剧痛,背痛,热痛,等渗尿,利尿,手指痛风"
IgA肾病,风湿科,　　IgA肾病(IgA nephropathy)是1968年由法国学者Berger和Hinglais首先描述的，以系膜增生及系膜区显著弥漫的IgA沉积为特征的一组肾小球疾病。其临床表现多种多样，以血尿最为常见，可伴有不同程度的蛋白尿、高血压和肾功能受损。,igasy, IgA肾炎,http://jbk.39.net/igasy/yyzl,内科,http://jbk.39.net/igasy/jbzs,"小血管纤维性坏死,水肿,低烧,肚子疼"
银屑病关节炎,风湿科,　　银屑病性关节炎(psoriasis arthritsi，PA)又名关节病型银屑病(arthropathic psoriasis)，是一种与银屑病相关的炎性关节病。本病病程迁延，易复发，晚期形成关节强直，导致残废。银屑病在关节炎患者中较为常见，比普通人群多2～3倍，而关节炎在银屑病患者中也较普遍。Leczinsky在10年调查中发现，银屑病中关节炎的发生率为6.8%，大大超过非银屑病人群中关节炎的发生率。女性比男性更易罹患。据Nobol报道，PA约占银屑病病人的1%。由于本病和Reiter综合证、强直性脊椎炎均与HLA-B27有关，且类风湿因子阴性，临床表现又有相似之处，因此被归入血清阴性脊椎关节病。,yxbgjy, 关节病型银屑病 ,http://jbk.39.net/yxbgjy/yyzl,内科,http://jbk.39.net/yxbgjy/jbzs,"指(趾)甲点状凹陷,晨僵,关节强硬,关节肿胀,点状出血"
成人still病,风湿科,　　成人still病是一组病因不明的弛张热、一过性多形性皮疹，关节炎或关节痛为主要临床表现，伴有肝、脾及淋巴结肿大，周围血白细胞增高的一种临床综合征，称为成人Still病。既往命名为亚败血症、变应性亚败血症。本病多见于年轻人，18mdash;25岁，男女罹患率基本相等。,crstillb," 亚败血症,变应性亚败血症",http://jbk.39.net/crstillb/yyzl,内科,http://jbk.39.net/crstillb/jbzs,
大骨节病,风湿科,　　卡斯钦-贝克病(Kaschin-Beck disease)即大骨节病，是一种地方性软骨骨关节畸形病，是以软骨坏死为主的变形性骨关节病。多发生于儿童和少年，主要侵犯儿童和青少年的骨骼与关节系统，导致软骨内成骨障碍、管状骨变短和继发的变形性关节病。致管状长骨发育障碍，关节增粗、疼痛、肌肉松弛、萎缩和运动障碍。患者以身材矮小、短指、关节畸形、步态异常(呈典型跛行、鸭步)等为特征。本病尚有矮人病、算盘子病等之称。,dgjb," 算盘珠病,Kaschin-Beck病",http://jbk.39.net/dgjb/yyzl,内科,http://jbk.39.net/dgjb/jbzs,"髋内翻,骨密度增加,膝内翻,弓状指,骨端增大,关节肿胀"
脊柱炎,风湿科,　　脊柱畸形和强直导致的功能障碍，对患者弯腰、扩胸及屈颈等运动，都会造成极大痛苦和困难。为了减轻或防止这些不良后果，患者除接受医生的各种检查和治疗外，应学会自我护理，如谨慎而长期地进行体位锻炼(最初应得到体疗医师的指导)，目的是取得和维持脊柱的最好位置，增强椎旁肌肉力量和增加肺活量。在休息时首要的是保持适当的体位，应睡硬板床，取仰卧位，避免促进屈曲畸形的体位。,jzy1,"
                        ",http://jbk.39.net/jzy1/yyzl,内科,http://jbk.39.net/jzy1/jbzs,
结节病,风湿科,　　结节病(sarcoidosis)是一种病因未明的多系统肉芽肿性疾病。临床上以双侧肺门淋巴结肿大、肺浸润及皮肤、眼睛损害为主要表现，肉芽肿结节可侵犯全身各器官。常见于青壮年，临床上90%以上有肺的改变，以双肺门淋巴结肿大、肺浸润、眼及皮肤损害为特征。肝、脾、淋巴结、唾液腺、心脏、神经系统、肌肉、骨骼和其他器官亦可受累。当具有典型的临床和X线表现，同时组织学上具有非干酪上皮样细胞肉芽肿即可做出诊断，但应除外其他肉芽肿性疾病。该病的免疫学特征为皮肤迟缓样过敏反应受到抑制及Ⅰ型辅助T细胞(TH1)免疫反应增强，同时可见循环免疫复合物及B细胞反应增高。,jjb, 肉样瘤病，Boeck肉样瘤，Schaumann良性淋巴肉芽肿病，Besnier冻疮样狼疮,http://jbk.39.net/jjb/yyzl,内科,http://jbk.39.net/jjb/jbzs,"腮腺肿大,关节肿胀,心动过速,肉芽肿,呼吸困难"
多发性肌炎,风湿科,　　多发性肌炎系一种以肌无力、肌痛为主要表现的自身免疫性疾病。主要累及肢带肌、颈项肌、咽喉部肌群，如同时累及皮肤，称皮肌炎。,dfxjy,"
                        ",http://jbk.39.net/dfxjy/yyzl,内科,http://jbk.39.net/dfxjy/jbzs,"三角肌疼痛,抗Jo-1抗体阳性,心动过速,肌肉假肥大"
多发性硬化,风湿科,　　多发性硬化(multiple sclerosis，MS)是以中枢神经系统(CNS)白质脱髓鞘病变为特点，遗传易感个体与环境因素作用发生的自身免疫性疾病。MS是中枢神经系统脱髓鞘疾病中最常见最主要的疾病。青、中年多见，临床特点是病灶播散广泛，病程中常有缓解复发的脑、脊髓和视神经神经损害。,dfxyh," 多发性硬化症,轴周性硬化性脑炎",http://jbk.39.net/dfxyh/yyzl,内科,http://jbk.39.net/dfxyh/jbzs,"脑白质变性,病理性发笑和哭喊,反应迟钝,抽搐"
风湿性多肌痛,风湿科,　　风湿性多肌痛(polymyalgia rheumatica，PMR)，是以四肢和躯干近端疼痛为特征的临床综合征。一般包括以下3个要点：50或50岁以上起病;肩胛带、骨盆带和颈部3处易患部位中有2处出现疼痛和晨僵，时间超过30min，持续1个月以上;加上全身反应证据如血沉升高超过40mm/h或50mm/h。除巨细胞动脉炎(giant cell arteritis，GCA)外，如果存在其他特定疾病如类风湿关节炎、慢性感染、多发性肌炎或恶性肿瘤等可排除风湿性多肌痛的诊断。PMR和GCA关系密切，约1/4的PMR最终发展为GCA，而40%GCA可出现PMR表现，故有人认为PMR和GCA是同一疾病的不同表现，即PMR仅为GCA的临床表现之一，但也有人提出它们分属独立性疾病。,fsxdjt," 风湿性多发性肌痛,风湿性多肌病",http://jbk.39.net/fsxdjt/yyzl,内科,http://jbk.39.net/fsxdjt/jbzs,"流行性肌痛,乏力,晨僵,无力,肌肉酸痛,低烧"
白塞病,风湿科,"　　白塞病(Behcet’s disease, BD)是一种全身性、慢性、血管炎症性疾病，主要临床表现为复发性口腔溃疡、生殖器溃疡、眼炎及皮肤损害，也可累及血管、神经系统、消化道、关节、肺、肾、附睾等器官，大部分患者预后良好，眼、中枢神经及大血管受累者预后不佳。好发于男性青壮年。本病根据其内脏的系统损害不同而分为血管型、神经型、胃肠型等。血管型指有大、中型动脉、静脉受累者;神经型指有中枢或周围神经受累者;胃肠型指有胃肠道溃疡、出血、穿孔等。",bsb, 丝绸之路病，白赛综合征，白塞氏病，贝赫切特氏病，眼-口-生殖器综合征,http://jbk.39.net/bsb/yyzl,内科,http://jbk.39.net/bsb/jbzs,"关节疼痛,传导阻滞,痤疮样皮疹,肠麻痹"
风湿热,风湿科,　　风湿热(rheumatic fever)是一种常见的反复发作的急性或慢性身性结缔组织炎症，主要累及心脏、关节、中枢神经系统、皮肤和皮下组织。临床表现以心脏炎和关节炎为主，可伴有发热、毒血症、皮疹、皮下小结、舞蹈病等。它通常发生于链球菌感染后2～4周，是一种对咽部A组溶血性链球菌感染的变态反应性疾病。急性发作时通常以关节炎较为明显，但在此阶段风湿性心脏炎可造成病人死亡。急性发作后常遗留轻重不等的心脏损害。,fsr," 急性风湿病,急性风湿性多关节炎",http://jbk.39.net/fsr/yyzl,内科,http://jbk.39.net/fsr/jbzs,"不明原因发热,乏力,端坐呼吸,呼吸困难"
硬皮病,风湿科,　　硬皮病(scleroderma)，是以局限性或弥漫性皮肤及内脏器官结缔组织纤维化、硬化及萎缩为特点的结缔组织病，其主要特点为皮肤、滑膜、骨骼肌、血管和食道出现纤维化或硬化。有些内脏器官，如肺、心脏、肾脏和大小动脉也可有类似的病变。有些病人只发生皮肤硬化，称为局限性硬皮病;而有些病人还同时发生心、肺、胃肠和肾等内脏纤维化和硬化，这种情况被称为系统性硬皮病，往往病情严重，预后较差。本病在结缔组织病中仅次于红斑狼疮而居第二位。患者以女性较多，女性与男性之比约为3∶1。发病年龄以20～50岁多见。生育年龄的妇女发病最为多见，儿童、老人也可发病。有报道矿工和接触硅的工人得硬皮病的病人较多。,ypb, 痹症，胶原沉着病，皮痹，系统性硬化症，血痹，进行性全身性硬化症,http://jbk.39.net/ypb/yyzl,内科,http://jbk.39.net/ypb/jbzs,"皮肤硬化,毛发稀少,皮肤萎缩和色素沉着"
系统性红斑狼疮,风湿科,　　系统性红斑狼疮(systemic lupus erythematosus，SLE)是一种累及多系统、多器官并有多种自身抗体出现的自身免疫性疾病。由于体内有大量致病性自身抗体和免疫复合物而造成组织损伤。临床上可出现各个系统和脏器损伤的表现，如皮肤、关节、浆膜、心脏、肾脏、中枢神经系统、血液系统等等。该病在世界范围内均有出现，患病率为4/10万～25/10万，亚洲及黑人患病率较高，我国的患病率为70/10万～75/10万。女性发病明显多于男性，约为10∶1，育龄妇女为发病高峰，老人及儿童也可患病。　　本病属于中医学的阴阳毒、阳毒发斑、蝴蝶斑、日晒疮、鬼脸疮、面游风等病证范畴。,xtxhblc, 全身性红斑狼疮,http://jbk.39.net/xtxhblc/yyzl,内科,http://jbk.39.net/xtxhblc/jbzs,"盘状红斑,关节疼痛,肌痛,发烧,疲劳,皮肤受累,体重减轻,日光照射引起皮肤过敏"
过敏性哮喘,风湿科,　　过敏性哮喘是一种比较顽固的疾病，如果忽视治疗，可以伴随终身。大部分哮喘患者都存在过敏现象或者有过敏性鼻炎，有过敏性鼻炎的哮喘患者发病前兆会有打喷嚏、流鼻涕、鼻痒、眼痒、流泪等症状。,gmxxc,"
                                        ",http://jbk.39.net/gmxxc/yyzl,内科,http://jbk.39.net/gmxxc/jbzs,"胸闷,吐泡沫痰,紫绀,哮鸣音,气喘,支气管痉挛,支气管分泌物增加,小支气管平滑肌挛缩"
川崎病,风湿科,　　川崎病(Kawasaki diseaes)又称皮肤粘膜淋巴结综合症(muco-cuta-meous lymph node syndrome，MCLS)，是一种以全身血管炎变为主要病变的小儿急性发热性出疹性疾病。1967年日本川崎富作医生首次报道。由于本病可发生严重心血管病变，所以引起人们的重视。近年发病增多，1990年北京儿童医院风湿性疾病住院病例中，川崎病67例，风湿热27例;外省市11所医院相同的资料中，川崎病为风湿的2倍。显然川崎病已取代风湿热为我国小儿后天性心脏病的主要病因之一。目前认为川崎病是一种免疫介导的血管炎。,cqb, 皮肤粘膜淋巴结综合征,http://jbk.39.net/cqb/yyzl,内科,http://jbk.39.net/cqb/jbzs,"发烧,皮疹,结膜充血,颈部淋巴结肿大"
风湿性心脏病,风湿科,　　风湿性心脏病(简称风心病)是常见的一种心脏病，是风湿病变侵犯心脏的后果，表现为瓣膜口狭窄和/或关闭不全，患者中女多于男。受损的瓣膜以二尖瓣为最常见，也可以几个瓣膜同时受累，称为联合瓣膜病变。,fsxxzb, 风心病,http://jbk.39.net/fsxxzb/yyzl,内科,http://jbk.39.net/fsxxzb/jbzs,"胸闷,呼吸困难,心悸,心源性晕厥,乏力,下肢浮肿,粉红色泡沫痰"
骨关节炎,风湿科,"骨关节炎(osteoarthritis,OA)又称为骨关节病，退行性关节病和骨质增生，是一种最常见的关节疾病。该病不仅发生关节软骨损害，还累及整个关节，包括软骨下骨、韧带、关节囊、滑膜和关节周围肌肉，最终发生关节软骨退变、纤维化、断裂、溃疡及整个关节面的损害。典型的临床表现包括疼痛，僵硬和关节变形。",ggjy, 骨关节病，退行性关节炎，老年性关节炎，肥大性关节炎等,http://jbk.39.net/ggjy/yyzl,内科,http://jbk.39.net/ggjy/jbzs,"关节疼痛,关节畸形,关节肿大,关节积液,骨赘大量增生,炎性损害,晨僵,关节肿胀,小腿寒冷痠痛,骨压痛,弯曲不利,腰骶疼痛"
高尿酸血症,风湿科,　　高尿酸血症又称痛风(gout)，是一组嘌呤代谢紊乱所致的疾病，其临床特点为高尿酸血症(hyperuricemia)及由此而引起的痛风性急性关节炎反复发作、痛风石沉积、痛风石性慢性关节炎和关节畸形，常累及肾脏引起慢性间质性肾炎和尿酸肾结石形成。本病可分原发性和继发性两大类，原发性者病因除少数由于酶缺陷引起外，大多未阐明，常伴高脂血症、肥胖、糖尿病、高血压病、动脉硬化和冠心病等，属遗传性疾病。继发性者可由肾脏病、血液病及药物等多种原因引起。,gnsxz, 痛风,http://jbk.39.net/gnsxz/yyzl,内科,http://jbk.39.net/gnsxz/jbzs,"尿酸盐在关节内沉积增多,尿酸结晶,关节液中白细胞内有尿酸结晶,关节肿痛,痛风结节"
风湿性关节炎,风湿科,　　风湿性关节炎属变态反应性疾病，是风湿热的主要表现之一。多以急性发热及关节疼痛起病，典型表现是轻度或中度发热，游走性多关节炎，受累关节多为膝、踝、肩、肘、腕等大关节，常见由一个关节转移至另一个关节，病变局部呈现红、肿、灼热、剧痛，部分病人也有几个关节同时发病，不典型的病人仅有关节疼痛而无其他炎症表现，急性炎症一般于2-4周消退，不留后遗症，但常反复发作。若风湿活动影响心脏，则可发生心肌炎，甚至遗留心脏瓣膜病变。,fsxgjy, 关节炎,http://jbk.39.net/fsxgjy/yyzl,内科,http://jbk.39.net/fsxgjy/jbzs,"关节疼痛,关节肿胀,弯曲不利,腰骶疼痛,臀部酸痛,肩痛,非对称性关节痛,四肢畸形,髋关节痛,晨僵"
强直性脊柱炎,风湿科,　　强直性脊柱炎(ankylosingsporidylitis，AS)是一种主要侵犯骶髂关节和脊柱，并可不同程度的累及周围关节、内脏系统的全身性炎性疾病。早期本病被认为是类风湿关节炎的一种特殊类型，称为类风湿性脊柱炎、畸形性脊柱炎、类风湿中心型等，现统一称之为强直性脊柱炎。AS的特征性病理变化是肌腱、韧带、骨附着点病变，韧带钙化及骨性强直为其重要特点。本病一般类风湿因子呈阴性，与银屑病关节炎、反应性关节炎、炎症性肠病性关节炎、未分化脊柱关节病等统属血清阴性脊柱关节病。,qzxjzy, 类风湿性脊柱炎，畸形性脊柱炎，类风湿中心型，龟背,http://jbk.39.net/qzxjzy/yyzl,内科,http://jbk.39.net/qzxjzy/jbzs,"晨僵,持续性疼痛,骶髂关节疼痛,关节疼痛,腰脊椎疼痛,低烧,疲劳,下蹲困难"
红斑狼疮,风湿科,　　红斑狼疮为自身免疫性疾病之一，属结缔组织病范围，红斑狼疮分为盘状红斑狼疮(DLE)，系统性红斑狼疮(SLE)、亚急性皮肤型红斑狼疮、深部红斑狼疮等类型。红斑狼疮的发病缓慢，隐袭发生，临床表现多样、变化多端。,hblc," SLE, 系统性红斑狼疮",http://jbk.39.net/hblc/yyzl,内科,http://jbk.39.net/hblc/jbzs,"红斑结节,盘状红斑,肌痛,脾大,多形红斑样皮疹,白细胞尿,关节肿胀,血小板减少,高热,溃疡,脂膜炎,面部蝶形红斑"
类风湿性关节炎,风湿科,　　类风湿关节炎(rheumatoid arthritis，RA)是一种以侵蚀性关节炎为主要表现的全身性自身免疫病。本病临床表现为以双手和腕关节等小关节受累为主的对称性、持续性多关节炎。病理表现为关节滑膜的慢性炎症、血管翳形成，并可出现关节软骨和骨破坏，最终可导致关节畸形和功能丧失。我国大陆地区的RA患病率约为0.2％-0.4％， 共有近500万患者。本病特点是以女性多发（男女患病比例约1：3），可发生于任何年龄，80%患者发病于35-50岁。同时类风湿的发生可能与内分泌、营养、职业、心理和环境的差异、细菌和病毒感染及遗传因索等方面都有关系。,lfsxgjy," 类风湿关节炎,类风湿,类风湿病,尪痹",http://jbk.39.net/lfsxgjy/yyzl,内科,http://jbk.39.net/lfsxgjy/jbzs,"晨僵,关节疼痛,关节肿胀,小腿寒冷痠痛,骨压痛"
